Algoritmo,Valor_P,Repeticion,Tiempo_Segundos,Ops_Basicas,Llamadas_Iteraciones,Memoria_Peak_Bytes,Resultado
Recursivo,6,1,6.54000323265791e-05,14,35,392,"(4, 2)"
Recursivo,6,2,2.6999972760677338e-05,14,35,384,"(4, 2)"
Recursivo,6,3,2.5099841877818108e-05,14,35,376,"(4, 2)"
Recursivo,6,4,2.459995448589325e-05,14,35,368,"(4, 2)"
Recursivo,6,5,2.459995448589325e-05,14,35,360,"(4, 2)"
Recursivo,6,6,2.450007013976574e-05,14,35,352,"(4, 2)"
Recursivo,6,7,2.4399952962994576e-05,14,35,344,"(4, 2)"
Recursivo,6,8,2.4399952962994576e-05,14,35,328,"(4, 2)"
Recursivo,6,9,2.4600187316536903e-05,14,35,320,"(4, 2)"
Recursivo,6,10,2.4499837309122086e-05,14,35,312,"(4, 2)"
Recursivo,6,11,2.4399952962994576e-05,14,35,304,"(4, 2)"
Recursivo,6,12,2.450007013976574e-05,14,35,296,"(4, 2)"
Recursivo,6,13,2.4300068616867065e-05,14,35,288,"(4, 2)"
Recursivo,6,14,2.450007013976574e-05,14,35,280,"(4, 2)"
Recursivo,6,15,2.450007013976574e-05,14,35,272,"(4, 2)"
Recursivo,6,16,2.4499837309122086e-05,14,35,256,"(4, 2)"
Recursivo,6,17,2.4399952962994576e-05,14,35,248,"(4, 2)"
Recursivo,6,18,2.4399952962994576e-05,14,35,240,"(4, 2)"
Recursivo,6,19,2.450007013976574e-05,14,35,232,"(4, 2)"
Recursivo,6,20,2.4499837309122086e-05,14,35,224,"(4, 2)"
Recursivo,6,21,2.459995448589325e-05,14,35,216,"(4, 2)"
Recursivo,6,22,2.7499860152602196e-05,14,35,208,"(4, 2)"
Recursivo,6,23,2.750009298324585e-05,14,35,200,"(4, 2)"
Recursivo,6,24,2.7299858629703522e-05,14,35,184,"(4, 2)"
Recursivo,6,25,2.7300091460347176e-05,14,35,176,"(4, 2)"
Recursivo,6,26,2.7299858629703522e-05,14,35,176,"(4, 2)"
Recursivo,6,27,2.719997428357601e-05,14,35,176,"(4, 2)"
Recursivo,6,28,2.7399975806474686e-05,14,35,176,"(4, 2)"
Recursivo,6,29,2.7399975806474686e-05,14,35,176,"(4, 2)"
Recursivo,6,30,2.719997428357601e-05,14,35,176,"(4, 2)"
Recursivo,10,1,6.700004450976849e-05,35,81,176,"(5, 2)"
Recursivo,10,2,6.509991362690926e-05,35,81,176,"(5, 2)"
Recursivo,10,3,5.220016464591026e-05,35,81,176,"(5, 2)"
Recursivo,10,4,5.21000474691391e-05,35,81,176,"(5, 2)"
Recursivo,10,5,5.200016312301159e-05,35,81,176,"(5, 2)"
Recursivo,10,6,5.250005051493645e-05,35,81,176,"(5, 2)"
Recursivo,10,7,5.62998466193676e-05,35,81,176,"(5, 2)"
Recursivo,10,8,6.700004450976849e-05,35,81,176,"(5, 2)"
Recursivo,10,9,5.6099845096468925e-05,35,81,176,"(5, 2)"
Recursivo,10,10,4.6900007873773575e-05,35,81,176,"(5, 2)"
Recursivo,10,11,4.67000063508749e-05,35,81,176,"(5, 2)"
Recursivo,10,12,4.830001853406429e-05,35,81,176,"(5, 2)"
Recursivo,10,13,4.67000063508749e-05,35,81,176,"(5, 2)"
Recursivo,10,14,5.330005660653114e-05,35,81,176,"(5, 2)"
Recursivo,10,15,4.630000330507755e-05,35,81,176,"(5, 2)"
Recursivo,10,16,4.67000063508749e-05,35,81,176,"(5, 2)"
Recursivo,10,17,4.679989069700241e-05,35,81,176,"(5, 2)"
Recursivo,10,18,4.660012200474739e-05,35,81,176,"(5, 2)"
Recursivo,10,19,4.660012200474739e-05,35,81,176,"(5, 2)"
Recursivo,10,20,5.359994247555733e-05,35,81,176,"(5, 2)"
Recursivo,10,21,4.67000063508749e-05,35,81,176,"(5, 2)"
Recursivo,10,22,4.900014027953148e-05,35,81,176,"(5, 2)"
Recursivo,10,23,4.9800146371126175e-05,35,81,176,"(5, 2)"
Recursivo,10,24,4.830001853406429e-05,35,81,176,"(5, 2)"
Recursivo,10,25,4.810001701116562e-05,35,81,176,"(5, 2)"
Recursivo,10,26,4.830001853406429e-05,35,81,176,"(5, 2)"
Recursivo,10,27,4.829978570342064e-05,35,81,176,"(5, 2)"
Recursivo,10,28,4.819990135729313e-05,35,81,176,"(5, 2)"
Recursivo,10,29,4.819990135729313e-05,35,81,176,"(5, 2)"
Recursivo,10,30,4.7999899834394455e-05,35,81,176,"(5, 2)"
Recursivo,20,1,0.00010859989561140537,95,207,176,"(6, 3)"
Recursivo,20,2,0.00011499994434416294,95,207,176,"(6, 3)"
Recursivo,20,3,0.00010489998385310173,95,207,176,"(6, 3)"
Recursivo,20,4,0.00011300016194581985,95,207,176,"(6, 3)"
Recursivo,20,5,9.989994578063488e-05,95,207,176,"(6, 3)"
Recursivo,20,6,9.990017861127853e-05,95,207,176,"(6, 3)"
Recursivo,20,7,0.00010020006448030472,95,207,176,"(6, 3)"
Recursivo,20,8,0.00010790000669658184,95,207,176,"(6, 3)"
Recursivo,20,9,9.980006143450737e-05,95,207,176,"(6, 3)"
Recursivo,20,10,9.999983012676239e-05,95,207,176,"(6, 3)"
Recursivo,20,11,0.00010009994730353355,95,207,176,"(6, 3)"
Recursivo,20,12,0.00010020006448030472,95,207,176,"(6, 3)"
Recursivo,20,13,0.00010000006295740604,95,207,176,"(6, 3)"
Recursivo,20,14,0.00010189996100962162,95,207,176,"(6, 3)"
Recursivo,20,15,0.00010089995339512825,95,207,176,"(6, 3)"
Recursivo,20,16,0.00010110018774867058,95,207,176,"(6, 3)"
Recursivo,20,17,0.00010089995339512825,95,207,176,"(6, 3)"
Recursivo,20,18,0.00010100007057189941,95,207,176,"(6, 3)"
Recursivo,20,19,0.0001097000204026699,95,207,176,"(6, 3)"
Recursivo,20,20,0.00010080006904900074,95,207,176,"(6, 3)"
Recursivo,20,21,0.00010249996557831764,95,207,176,"(6, 3)"
Recursivo,20,22,0.00010100007057189941,95,207,176,"(6, 3)"
Recursivo,20,23,0.00010109995491802692,95,207,176,"(6, 3)"
Recursivo,20,24,0.00010110018774867058,95,207,176,"(6, 3)"
Recursivo,20,25,9.700004011392593e-05,95,207,176,"(6, 3)"
Recursivo,20,26,7.770000956952572e-05,95,207,176,"(6, 3)"
Recursivo,20,27,7.780012674629688e-05,95,207,176,"(6, 3)"
Recursivo,20,28,7.770000956952572e-05,95,207,176,"(6, 3)"
Recursivo,20,29,8.270004764199257e-05,95,207,176,"(6, 3)"
Recursivo,20,30,8.430005982518196e-05,95,207,176,"(6, 3)"
Memoizacion,6,1,2.9900111258029938e-05,4,15,336,"(4, 2)"
Memoizacion,6,2,1.8900027498602867e-05,4,15,336,"(4, 2)"
Memoizacion,6,3,1.7300015315413475e-05,4,15,336,"(4, 2)"
Memoizacion,6,4,1.71000137925148e-05,4,15,336,"(4, 2)"
Memoizacion,6,5,1.6900012269616127e-05,4,15,336,"(4, 2)"
Memoizacion,6,6,1.6900012269616127e-05,4,15,336,"(4, 2)"
Memoizacion,6,7,1.700012944638729e-05,4,15,336,"(4, 2)"
Memoizacion,6,8,1.6900012269616127e-05,4,15,336,"(4, 2)"
Memoizacion,6,9,1.6700010746717453e-05,4,15,336,"(4, 2)"
Memoizacion,6,10,1.6900012269616127e-05,4,15,336,"(4, 2)"
Memoizacion,6,11,2.5099841877818108e-05,4,15,336,"(4, 2)"
Memoizacion,6,12,1.6800127923488617e-05,4,15,336,"(4, 2)"
Memoizacion,6,13,1.6800127923488617e-05,4,15,336,"(4, 2)"
Memoizacion,6,14,1.6799895092844963e-05,4,15,336,"(4, 2)"
Memoizacion,6,15,1.6700010746717453e-05,4,15,336,"(4, 2)"
Memoizacion,6,16,1.6700010746717453e-05,4,15,336,"(4, 2)"
Memoizacion,6,17,1.6600126400589943e-05,4,15,336,"(4, 2)"
Memoizacion,6,18,1.659989356994629e-05,4,15,336,"(4, 2)"
Memoizacion,6,19,1.659989356994629e-05,4,15,336,"(4, 2)"
Memoizacion,6,20,1.650000922381878e-05,4,15,336,"(4, 2)"
Memoizacion,6,21,1.640012487769127e-05,4,15,336,"(4, 2)"
Memoizacion,6,22,2.650008536875248e-05,4,15,336,"(4, 2)"
Memoizacion,6,23,1.640012487769127e-05,4,15,336,"(4, 2)"
Memoizacion,6,24,1.640012487769127e-05,4,15,336,"(4, 2)"
Memoizacion,6,25,1.650000922381878e-05,4,15,336,"(4, 2)"
Memoizacion,6,26,1.6399892047047615e-05,4,15,336,"(4, 2)"
Memoizacion,6,27,1.6399892047047615e-05,4,15,336,"(4, 2)"
Memoizacion,6,28,1.659989356994629e-05,4,15,336,"(4, 2)"
Memoizacion,6,29,1.659989356994629e-05,4,15,336,"(4, 2)"
Memoizacion,6,30,1.6399892047047615e-05,4,15,336,"(4, 2)"
Memoizacion,10,1,2.750009298324585e-05,7,25,544,"(5, 2)"
Memoizacion,10,2,2.810009755194187e-05,7,25,544,"(5, 2)"
Memoizacion,10,3,5.91999851167202e-05,7,25,544,"(5, 2)"
Memoizacion,10,4,9.549991227686405e-05,7,25,544,"(5, 2)"
Memoizacion,10,5,5.21000474691391e-05,7,25,544,"(5, 2)"
Memoizacion,10,6,5.4200179874897e-05,7,25,544,"(5, 2)"
Memoizacion,10,7,5.539995618164539e-05,7,25,544,"(5, 2)"
Memoizacion,10,8,3.3400021493434906e-05,7,25,544,"(5, 2)"
Memoizacion,10,9,0.00010529998689889908,7,25,544,"(5, 2)"
Memoizacion,10,10,3.7800054997205734e-05,7,25,544,"(5, 2)"
Memoizacion,10,11,3.4400029107928276e-05,7,25,544,"(5, 2)"
Memoizacion,10,12,3.369990736246109e-05,7,25,544,"(5, 2)"
Memoizacion,10,13,3.309990279376507e-05,7,25,544,"(5, 2)"
Memoizacion,10,14,3.2899901270866394e-05,7,25,544,"(5, 2)"
Memoizacion,10,15,5.539995618164539e-05,7,25,544,"(5, 2)"
Memoizacion,10,16,5.359994247555733e-05,7,25,544,"(5, 2)"
Memoizacion,10,17,6.440002471208572e-05,7,25,544,"(5, 2)"
Memoizacion,10,18,7.00000673532486e-05,7,25,544,"(5, 2)"
Memoizacion,10,19,3.2499898225069046e-05,7,25,544,"(5, 2)"
Memoizacion,10,20,3.2499898225069046e-05,7,25,544,"(5, 2)"
Memoizacion,10,21,2.969987690448761e-05,7,25,544,"(5, 2)"
Memoizacion,10,22,2.8300099074840546e-05,7,25,544,"(5, 2)"
Memoizacion,10,23,2.8499867767095566e-05,7,25,544,"(5, 2)"
Memoizacion,10,24,2.8099864721298218e-05,7,25,544,"(5, 2)"
Memoizacion,10,25,2.7999980375170708e-05,7,25,544,"(5, 2)"
Memoizacion,10,26,2.8099864721298218e-05,7,25,544,"(5, 2)"
Memoizacion,10,27,2.8199981898069382e-05,7,25,544,"(5, 2)"
Memoizacion,10,28,2.7900096029043198e-05,7,25,544,"(5, 2)"
Memoizacion,10,29,2.8099864721298218e-05,7,25,544,"(5, 2)"
Memoizacion,10,30,2.9499875381588936e-05,7,25,544,"(5, 2)"
Memoizacion,20,1,6.59001525491476e-05,12,41,952,"(6, 3)"
Memoizacion,20,2,6.059999577701092e-05,12,41,952,"(6, 3)"
Memoizacion,20,3,5.159992724657059e-05,12,41,952,"(6, 3)"
Memoizacion,20,4,5.150004290044308e-05,12,41,952,"(6, 3)"
Memoizacion,20,5,5.159992724657059e-05,12,41,952,"(6, 3)"
Memoizacion,20,6,5.119992420077324e-05,12,41,952,"(6, 3)"
Memoizacion,20,7,5.819997750222683e-05,12,41,952,"(6, 3)"
Memoizacion,20,8,5.139992572367191e-05,12,41,952,"(6, 3)"
Memoizacion,20,9,5.0999922677874565e-05,12,41,952,"(6, 3)"
Memoizacion,20,10,5.110003985464573e-05,12,41,952,"(6, 3)"
Memoizacion,20,11,5.7999975979328156e-05,12,41,952,"(6, 3)"
Memoizacion,20,12,5.21000474691391e-05,12,41,952,"(6, 3)"
Memoizacion,20,13,5.660019814968109e-05,12,41,952,"(6, 3)"
Memoizacion,20,14,5.659996531903744e-05,12,41,952,"(6, 3)"
Memoizacion,20,15,5.369982682168484e-05,12,41,952,"(6, 3)"
Memoizacion,20,16,4.700012505054474e-05,12,41,952,"(6, 3)"
Memoizacion,20,17,4.6999892219901085e-05,12,41,952,"(6, 3)"
Memoizacion,20,18,4.6900007873773575e-05,12,41,952,"(6, 3)"
Memoizacion,20,19,5.369982682168484e-05,12,41,952,"(6, 3)"
Memoizacion,20,20,4.679989069700241e-05,12,41,952,"(6, 3)"
Memoizacion,20,21,4.6900007873773575e-05,12,41,952,"(6, 3)"
Memoizacion,20,22,4.870002157986164e-05,12,41,952,"(6, 3)"
Memoizacion,20,23,4.730001091957092e-05,12,41,952,"(6, 3)"
Memoizacion,20,24,4.6999892219901085e-05,12,41,952,"(6, 3)"
Memoizacion,20,25,4.6999892219901085e-05,12,41,952,"(6, 3)"
Memoizacion,20,26,4.6999892219901085e-05,12,41,952,"(6, 3)"
Memoizacion,20,27,4.700012505054474e-05,12,41,952,"(6, 3)"
Memoizacion,20,28,5.170004442334175e-05,12,41,952,"(6, 3)"
Memoizacion,20,29,5.170004442334175e-05,12,41,952,"(6, 3)"
Memoizacion,20,30,5.140015855431557e-05,12,41,952,"(6, 3)"
Prog_Dinamica,6,1,0.00010979990474879742,14,21,264,"(4, 2)"
Prog_Dinamica,6,2,9.540002793073654e-05,14,21,264,"(4, 2)"
Prog_Dinamica,6,3,8.789985440671444e-05,14,21,264,"(4, 2)"
Prog_Dinamica,6,4,9.409990161657333e-05,14,21,264,"(4, 2)"
Prog_Dinamica,6,5,8.729984983801842e-05,14,21,264,"(4, 2)"
Prog_Dinamica,6,6,9.42000187933445e-05,14,21,264,"(4, 2)"
Prog_Dinamica,6,7,8.750008419156075e-05,14,21,264,"(4, 2)"
Prog_Dinamica,6,8,0.0001004999503493309,14,21,264,"(4, 2)"
Prog_Dinamica,6,9,9.019998833537102e-05,14,21,264,"(4, 2)"
Prog_Dinamica,6,10,9.039998985826969e-05,14,21,264,"(4, 2)"
Prog_Dinamica,6,11,9.639980271458626e-05,14,21,264,"(4, 2)"
Prog_Dinamica,6,12,8.999998681247234e-05,14,21,264,"(4, 2)"
Prog_Dinamica,6,13,9.680003859102726e-05,14,21,264,"(4, 2)"
Prog_Dinamica,6,14,8.999998681247234e-05,14,21,264,"(4, 2)"
Prog_Dinamica,6,15,9.810016490519047e-05,14,21,264,"(4, 2)"
Prog_Dinamica,6,16,8.989986963570118e-05,14,21,264,"(4, 2)"
Prog_Dinamica,6,17,8.990010246634483e-05,14,21,264,"(4, 2)"
Prog_Dinamica,6,18,9.709992446005344e-05,14,21,264,"(4, 2)"
Prog_Dinamica,6,19,9.609991684556007e-05,14,21,264,"(4, 2)"
Prog_Dinamica,6,20,0.00010750000365078449,14,21,264,"(4, 2)"
Prog_Dinamica,6,21,0.00010059983469545841,14,21,264,"(4, 2)"
Prog_Dinamica,6,22,0.00010750000365078449,14,21,264,"(4, 2)"
Prog_Dinamica,6,23,0.00010059983469545841,14,21,264,"(4, 2)"
Prog_Dinamica,6,24,0.00010750000365078449,14,21,264,"(4, 2)"
Prog_Dinamica,6,25,8.410005830228329e-05,14,21,264,"(4, 2)"
Prog_Dinamica,6,26,8.379993960261345e-05,14,21,264,"(4, 2)"
Prog_Dinamica,6,27,9.059999138116837e-05,14,21,264,"(4, 2)"
Prog_Dinamica,6,28,8.379993960261345e-05,14,21,264,"(4, 2)"
Prog_Dinamica,6,29,9.059999138116837e-05,14,21,264,"(4, 2)"
Prog_Dinamica,6,30,8.559995330870152e-05,14,21,264,"(4, 2)"
Prog_Dinamica,10,1,0.00016999989748001099,31,42,264,"(5, 2)"
Prog_Dinamica,10,2,0.00016779988072812557,31,42,264,"(5, 2)"
Prog_Dinamica,10,3,0.0001680999994277954,31,42,264,"(5, 2)"
Prog_Dinamica,10,4,0.00016819988377392292,31,42,264,"(5, 2)"
Prog_Dinamica,10,5,0.0001675998792052269,31,42,264,"(5, 2)"
Prog_Dinamica,10,6,0.00016780011355876923,31,42,264,"(5, 2)"
Prog_Dinamica,10,7,0.00018029985949397087,31,42,264,"(5, 2)"
Prog_Dinamica,10,8,0.0001808998640626669,31,42,264,"(5, 2)"
Prog_Dinamica,10,9,0.00019699987024068832,31,42,264,"(5, 2)"
Prog_Dinamica,10,10,0.00016520009376108646,31,42,264,"(5, 2)"
Prog_Dinamica,10,11,0.00016399985179305077,31,42,264,"(5, 2)"
Prog_Dinamica,10,12,0.00016460008919239044,31,42,264,"(5, 2)"
Prog_Dinamica,10,13,0.00017090002074837685,31,42,264,"(5, 2)"
Prog_Dinamica,10,14,0.00018410012125968933,31,42,264,"(5, 2)"
Prog_Dinamica,10,15,0.0002031000331044197,31,42,264,"(5, 2)"
Prog_Dinamica,10,16,0.00020450004376471043,31,42,264,"(5, 2)"
Prog_Dinamica,10,17,0.00017730006948113441,31,42,264,"(5, 2)"
Prog_Dinamica,10,18,0.00017159990966320038,31,42,264,"(5, 2)"
Prog_Dinamica,10,19,0.00017019989900290966,31,42,264,"(5, 2)"
Prog_Dinamica,10,20,0.00017000013031065464,31,42,264,"(5, 2)"
Prog_Dinamica,10,21,0.00018539978191256523,31,42,264,"(5, 2)"
Prog_Dinamica,10,22,0.00021039997227489948,31,42,264,"(5, 2)"
Prog_Dinamica,10,23,0.00021209986880421638,31,42,264,"(5, 2)"
Prog_Dinamica,10,24,0.00020430004224181175,31,42,264,"(5, 2)"
Prog_Dinamica,10,25,0.0002034998033195734,31,42,264,"(5, 2)"
Prog_Dinamica,10,26,0.00020989985205233097,31,42,264,"(5, 2)"
Prog_Dinamica,10,27,0.0002117000985890627,31,42,264,"(5, 2)"
Prog_Dinamica,10,28,0.0007402000483125448,31,42,264,"(5, 2)"
Prog_Dinamica,10,29,0.00028389994986355305,31,42,264,"(5, 2)"
Prog_Dinamica,10,30,0.0002529001794755459,31,42,264,"(5, 2)"
Prog_Dinamica,20,1,0.0004463999066501856,72,89,272,"(6, 3)"
Prog_Dinamica,20,2,0.00033629988320171833,72,89,272,"(6, 3)"
Prog_Dinamica,20,3,0.0003558001480996609,72,89,272,"(6, 3)"
Prog_Dinamica,20,4,0.00031129992567002773,72,89,272,"(6, 3)"
Prog_Dinamica,20,5,0.0003035999834537506,72,89,272,"(6, 3)"
Prog_Dinamica,20,6,0.00031250016763806343,72,89,272,"(6, 3)"
Prog_Dinamica,20,7,0.00032590003684163094,72,89,272,"(6, 3)"
Prog_Dinamica,20,8,0.0004771000239998102,72,89,272,"(6, 3)"
Prog_Dinamica,20,9,0.0003029999788850546,72,89,272,"(6, 3)"
Prog_Dinamica,20,10,0.00029669981449842453,72,89,272,"(6, 3)"
Prog_Dinamica,20,11,0.00030409987084567547,72,89,272,"(6, 3)"
Prog_Dinamica,20,12,0.00030269986018538475,72,89,272,"(6, 3)"
Prog_Dinamica,20,13,0.0002965000458061695,72,89,272,"(6, 3)"
Prog_Dinamica,20,14,0.00030349986627697945,72,89,272,"(6, 3)"
Prog_Dinamica,20,15,0.0003466999623924494,72,89,272,"(6, 3)"
Prog_Dinamica,20,16,0.00029610004276037216,72,89,272,"(6, 3)"
Prog_Dinamica,20,17,0.0003035000991076231,72,89,272,"(6, 3)"
Prog_Dinamica,20,18,0.0002957999240607023,72,89,272,"(6, 3)"
Prog_Dinamica,20,19,0.00029710005037486553,72,89,272,"(6, 3)"
Prog_Dinamica,20,20,0.00035770004615187645,72,89,272,"(6, 3)"
Prog_Dinamica,20,21,0.0003496999852359295,72,89,272,"(6, 3)"
Prog_Dinamica,20,22,0.00030530011281371117,72,89,272,"(6, 3)"
Prog_Dinamica,20,23,0.0003029999788850546,72,89,272,"(6, 3)"
Prog_Dinamica,20,24,0.000300500076264143,72,89,272,"(6, 3)"
Prog_Dinamica,20,25,0.00031070015393197536,72,89,272,"(6, 3)"
Prog_Dinamica,20,26,0.00030519999563694,72,89,272,"(6, 3)"
Prog_Dinamica,20,27,0.0002983000595122576,72,89,272,"(6, 3)"
Prog_Dinamica,20,28,0.00030969991348683834,72,89,272,"(6, 3)"
Prog_Dinamica,20,29,0.000300500076264143,72,89,272,"(6, 3)"
Prog_Dinamica,20,30,0.000301100080832839,72,89,272,"(6, 3)"
Formula_Math,6,1,9.139999747276306e-05,38,31,208,"(4, 2)"
Formula_Math,6,2,5.9399986639618874e-05,38,31,208,"(4, 2)"
Formula_Math,6,3,6.569991819560528e-05,38,31,208,"(4, 2)"
Formula_Math,6,4,6.079999729990959e-05,38,31,208,"(4, 2)"
Formula_Math,6,5,6.660004146397114e-05,38,31,208,"(4, 2)"
Formula_Math,6,6,5.959998816251755e-05,38,31,208,"(4, 2)"
Formula_Math,6,7,6.659980863332748e-05,38,31,208,"(4, 2)"
Formula_Math,6,8,6.320001557469368e-05,38,31,208,"(4, 2)"
Formula_Math,6,9,6.680004298686981e-05,38,31,208,"(4, 2)"
Formula_Math,6,10,5.979998968541622e-05,38,31,208,"(4, 2)"
Formula_Math,6,11,6.689992733299732e-05,38,31,208,"(4, 2)"
Formula_Math,6,12,5.969987250864506e-05,38,31,208,"(4, 2)"
Formula_Math,6,13,5.9999991208314896e-05,38,31,208,"(4, 2)"
Formula_Math,6,14,5.979998968541622e-05,38,31,208,"(4, 2)"
Formula_Math,6,15,5.989987403154373e-05,38,31,208,"(4, 2)"
Formula_Math,6,16,5.970010533928871e-05,38,31,208,"(4, 2)"
Formula_Math,6,17,5.9900106862187386e-05,38,31,208,"(4, 2)"
Formula_Math,6,18,6.3000014051795e-05,38,31,208,"(4, 2)"
Formula_Math,6,19,6.0399994254112244e-05,38,31,208,"(4, 2)"
Formula_Math,6,20,5.969987250864506e-05,38,31,208,"(4, 2)"
Formula_Math,6,21,6.0300109907984734e-05,38,31,208,"(4, 2)"
Formula_Math,6,22,6.699981167912483e-05,38,31,208,"(4, 2)"
Formula_Math,6,23,6.0300109907984734e-05,38,31,208,"(4, 2)"
Formula_Math,6,24,6.649992428719997e-05,38,31,208,"(4, 2)"
Formula_Math,6,25,6.019999273121357e-05,38,31,208,"(4, 2)"
Formula_Math,6,26,6.649992428719997e-05,38,31,208,"(4, 2)"
Formula_Math,6,27,6.0300109907984734e-05,38,31,208,"(4, 2)"
Formula_Math,6,28,7.229996845126152e-05,38,31,208,"(4, 2)"
Formula_Math,6,29,6.0399994254112244e-05,38,31,208,"(4, 2)"
Formula_Math,6,30,6.660004146397114e-05,38,31,208,"(4, 2)"
Formula_Math,10,1,0.0001058999914675951,71,60,208,"(5, 2)"
Formula_Math,10,2,0.00021910015493631363,71,60,208,"(5, 2)"
Formula_Math,10,3,0.00012440001592040062,71,60,208,"(5, 2)"
Formula_Math,10,4,0.00010639987885951996,71,60,208,"(5, 2)"
Formula_Math,10,5,0.00010770000517368317,71,60,208,"(5, 2)"
Formula_Math,10,6,0.0001021998468786478,71,60,208,"(5, 2)"
Formula_Math,10,7,0.00010439986363053322,71,60,208,"(5, 2)"
Formula_Math,10,8,9.429990313947201e-05,71,60,208,"(5, 2)"
Formula_Math,10,9,0.0001484001986682415,71,60,208,"(5, 2)"
Formula_Math,10,10,0.00017659994773566723,71,60,208,"(5, 2)"
Formula_Math,10,11,0.00013149995356798172,71,60,208,"(5, 2)"
Formula_Math,10,12,0.00010430021211504936,71,60,208,"(5, 2)"
Formula_Math,10,13,0.00010300008580088615,71,60,208,"(5, 2)"
Formula_Math,10,14,9.55001451075077e-05,71,60,208,"(5, 2)"
Formula_Math,10,15,9.700004011392593e-05,71,60,208,"(5, 2)"
Formula_Math,10,16,0.00010329997166991234,71,60,208,"(5, 2)"
Formula_Math,10,17,0.00010719988495111465,71,60,208,"(5, 2)"
Formula_Math,10,18,9.569991379976273e-05,71,60,208,"(5, 2)"
Formula_Math,10,19,0.00010279985144734383,71,60,208,"(5, 2)"
Formula_Math,10,20,0.00010289996862411499,71,60,208,"(5, 2)"
Formula_Math,10,21,9.640003554522991e-05,71,60,208,"(5, 2)"
Formula_Math,10,22,0.00010240008123219013,71,60,208,"(5, 2)"
Formula_Math,10,23,0.00010380009189248085,71,60,208,"(5, 2)"
Formula_Math,10,24,9.769992902874947e-05,71,60,208,"(5, 2)"
Formula_Math,10,25,0.00010360009036958218,71,60,208,"(5, 2)"
Formula_Math,10,26,0.00010280008427798748,71,60,208,"(5, 2)"
Formula_Math,10,27,9.720004163682461e-05,71,60,208,"(5, 2)"
Formula_Math,10,28,9.629991836845875e-05,71,60,208,"(5, 2)"
Formula_Math,10,29,0.00010349997319281101,71,60,208,"(5, 2)"
Formula_Math,10,30,0.00010289996862411499,71,60,208,"(5, 2)"
Formula_Math,20,1,0.00018650013953447342,132,115,240,"(6, 3)"
Formula_Math,20,2,0.00016589998267591,132,115,240,"(6, 3)"
Formula_Math,20,3,0.00016140006482601166,132,115,240,"(6, 3)"
Formula_Math,20,4,0.00016229995526373386,132,115,240,"(6, 3)"
Formula_Math,20,5,0.00016009993851184845,132,115,240,"(6, 3)"
Formula_Math,20,6,0.00016060005873441696,132,115,240,"(6, 3)"
Formula_Math,20,7,0.0001604000572115183,132,115,240,"(6, 3)"
Formula_Math,20,8,0.00015849992632865906,132,115,240,"(6, 3)"
Formula_Math,20,9,0.0001604999415576458,132,115,240,"(6, 3)"
Formula_Math,20,10,0.00015920004807412624,132,115,240,"(6, 3)"
Formula_Math,20,11,0.00015799980610609055,132,115,240,"(6, 3)"
Formula_Math,20,12,0.00015920004807412624,132,115,240,"(6, 3)"
Formula_Math,20,13,0.00015870016068220139,132,115,240,"(6, 3)"
Formula_Math,20,14,0.00016799988225102425,132,115,240,"(6, 3)"
Formula_Math,20,15,0.00015810015611350536,132,115,240,"(6, 3)"
Formula_Math,20,16,0.00015760003589093685,132,115,240,"(6, 3)"
Formula_Math,20,17,0.00016200006939470768,132,115,240,"(6, 3)"
Formula_Math,20,18,0.0001579001545906067,132,115,240,"(6, 3)"
Formula_Math,20,19,0.0001656000968068838,132,115,240,"(6, 3)"
Formula_Math,20,20,0.000157299917191267,132,115,240,"(6, 3)"
Formula_Math,20,21,0.00016140006482601166,132,115,240,"(6, 3)"
Formula_Math,20,22,0.00015740003436803818,132,115,240,"(6, 3)"
Formula_Math,20,23,0.0001564000267535448,132,115,240,"(6, 3)"
Formula_Math,20,24,0.0001580999232828617,132,115,240,"(6, 3)"
Formula_Math,20,25,0.00016110017895698547,132,115,240,"(6, 3)"
Formula_Math,20,26,0.00015740003436803818,132,115,240,"(6, 3)"
Formula_Math,20,27,0.0001580999232828617,132,115,240,"(6, 3)"
Formula_Math,20,28,0.00015760003589093685,132,115,240,"(6, 3)"
Formula_Math,20,29,0.0001574999187141657,132,115,240,"(6, 3)"
Formula_Math,20,30,0.00015840004198253155,132,115,240,"(6, 3)"
Memoizacion,70,1,7.080007344484329e-05,24,79,1768,"(8, 4)"
Memoizacion,70,2,6.0999998822808266e-05,24,79,1768,"(8, 4)"
Memoizacion,70,3,5.979998968541622e-05,24,79,1768,"(8, 4)"
Memoizacion,70,4,6.149988621473312e-05,24,79,1768,"(8, 4)"
Memoizacion,70,5,6.649992428719997e-05,24,79,1768,"(8, 4)"
Memoizacion,70,6,5.8900099247694016e-05,24,79,1768,"(8, 4)"
Memoizacion,70,7,5.8300094678997993e-05,24,79,1768,"(8, 4)"
Memoizacion,70,8,5.9099867939949036e-05,24,79,1768,"(8, 4)"
Memoizacion,70,9,5.770009011030197e-05,24,79,1768,"(8, 4)"
Memoizacion,70,10,5.870009772479534e-05,24,79,1768,"(8, 4)"
Memoizacion,70,11,5.810009315609932e-05,24,79,1768,"(8, 4)"
Memoizacion,70,12,6.38000201433897e-05,24,79,1768,"(8, 4)"
Memoizacion,70,13,6.019999273121357e-05,24,79,1768,"(8, 4)"
Memoizacion,70,14,5.810009315609932e-05,24,79,1768,"(8, 4)"
Memoizacion,70,15,6.429990753531456e-05,24,79,1768,"(8, 4)"
Memoizacion,70,16,5.759997293353081e-05,24,79,1768,"(8, 4)"
Memoizacion,70,17,5.6499848142266273e-05,24,79,1768,"(8, 4)"
Memoizacion,70,18,5.589984357357025e-05,24,79,1768,"(8, 4)"
Memoizacion,70,19,5.650008097290993e-05,24,79,1768,"(8, 4)"
Memoizacion,70,20,5.8300094678997993e-05,24,79,1768,"(8, 4)"
Memoizacion,70,21,5.769985727965832e-05,24,79,1768,"(8, 4)"
Memoizacion,70,22,6.359978578984737e-05,24,79,1768,"(8, 4)"
Memoizacion,70,23,5.869986489415169e-05,24,79,1768,"(8, 4)"
Memoizacion,70,24,5.719996988773346e-05,24,79,1768,"(8, 4)"
Memoizacion,70,25,6.940006278455257e-05,24,79,1768,"(8, 4)"
Memoizacion,70,26,5.770009011030197e-05,24,79,1768,"(8, 4)"
Memoizacion,70,27,5.8300094678997993e-05,24,79,1768,"(8, 4)"
Memoizacion,70,28,5.810009315609932e-05,24,79,1768,"(8, 4)"
Memoizacion,70,29,5.719996988773346e-05,24,79,1768,"(8, 4)"
Memoizacion,70,30,5.8499863371253014e-05,24,79,1768,"(8, 4)"
Memoizacion,252,1,9.949994273483753e-05,40,129,1792,"(10, 5)"
Memoizacion,252,2,8.640019223093987e-05,40,129,1768,"(10, 5)"
Memoizacion,252,3,8.730008266866207e-05,40,129,1768,"(10, 5)"
Memoizacion,252,4,8.519995026290417e-05,40,129,1768,"(10, 5)"
Memoizacion,252,5,8.450006134808064e-05,40,129,1768,"(10, 5)"
Memoizacion,252,6,8.570007048547268e-05,40,129,1768,"(10, 5)"
Memoizacion,252,7,8.709984831511974e-05,40,129,1768,"(10, 5)"
Memoizacion,252,8,8.560018613934517e-05,40,129,1768,"(10, 5)"
Memoizacion,252,9,8.449982851743698e-05,40,129,1768,"(10, 5)"
Memoizacion,252,10,8.369982242584229e-05,40,129,1768,"(10, 5)"
Memoizacion,252,11,8.769985288381577e-05,40,129,1768,"(10, 5)"
Memoizacion,252,12,8.570007048547268e-05,40,129,1768,"(10, 5)"
Memoizacion,252,13,8.33999365568161e-05,40,129,1768,"(10, 5)"
Memoizacion,252,14,8.620019070804119e-05,40,129,1768,"(10, 5)"
Memoizacion,252,15,8.359993807971478e-05,40,129,1768,"(10, 5)"
Memoizacion,252,16,8.570007048547268e-05,40,129,1768,"(10, 5)"
Memoizacion,252,17,8.759996853768826e-05,40,129,1768,"(10, 5)"
Memoizacion,252,18,9.089987725019455e-05,40,129,1768,"(10, 5)"
Memoizacion,252,19,8.510006591677666e-05,40,129,1768,"(10, 5)"
Memoizacion,252,20,8.469983004033566e-05,40,129,1768,"(10, 5)"
Memoizacion,252,21,0.00010649999603629112,40,129,1768,"(10, 5)"
Memoizacion,252,22,0.0005395000334829092,40,129,1768,"(10, 5)"
Memoizacion,252,23,0.00019979989156126976,40,129,1768,"(10, 5)"
Memoizacion,252,24,0.00021740002557635307,40,129,1768,"(10, 5)"
Memoizacion,252,25,0.0001838000025600195,40,129,1768,"(10, 5)"
Memoizacion,252,26,0.00011419993825256824,40,129,1768,"(10, 5)"
Memoizacion,252,27,0.0001308999489992857,40,129,1768,"(10, 5)"
Memoizacion,252,28,0.00010059983469545841,40,129,1768,"(10, 5)"
Memoizacion,252,29,0.00010950001887977123,40,129,1768,"(10, 5)"
Memoizacion,252,30,9.869993664324284e-05,40,129,1768,"(10, 5)"
Memoizacion,924,1,0.00020709983073174953,60,191,3672,"(12, 6)"
Memoizacion,924,2,0.00014999997802078724,60,191,3432,"(12, 6)"
Memoizacion,924,3,0.0001534000039100647,60,191,3432,"(12, 6)"
Memoizacion,924,4,0.0001674999948590994,60,191,3432,"(12, 6)"
Memoizacion,924,5,0.00014730007387697697,60,191,3432,"(12, 6)"
Memoizacion,924,6,0.00015409989282488823,60,191,3432,"(12, 6)"
Memoizacion,924,7,0.00014699995517730713,60,191,3432,"(12, 6)"
Memoizacion,924,8,0.00015760003589093685,60,191,3432,"(12, 6)"
Memoizacion,924,9,0.00014699995517730713,60,191,3432,"(12, 6)"
Memoizacion,924,10,0.00014730007387697697,60,191,3432,"(12, 6)"
Memoizacion,924,11,0.00014670006930828094,60,191,3432,"(12, 6)"
Memoizacion,924,12,0.00014699995517730713,60,191,3432,"(12, 6)"
Memoizacion,924,13,0.00015680002979934216,60,191,3432,"(12, 6)"
Memoizacion,924,14,0.00014679995365440845,60,191,3432,"(12, 6)"
Memoizacion,924,15,0.00016480009071528912,60,191,3432,"(12, 6)"
Memoizacion,924,16,0.00014409981667995453,60,191,3432,"(12, 6)"
Memoizacion,924,17,0.00017690006643533707,60,191,3432,"(12, 6)"
Memoizacion,924,18,0.00014859996736049652,60,191,3432,"(12, 6)"
Memoizacion,924,19,0.00014319992624223232,60,191,3432,"(12, 6)"
Memoizacion,924,20,0.00014979997649788857,60,191,3432,"(12, 6)"
Memoizacion,924,21,0.0001433000434190035,60,191,3432,"(12, 6)"
Memoizacion,924,22,0.0001501000951975584,60,191,3432,"(12, 6)"
Memoizacion,924,23,0.00014660018496215343,60,191,3432,"(12, 6)"
Memoizacion,924,24,0.00016289995983242989,60,191,3432,"(12, 6)"
Memoizacion,924,25,0.00014709983952343464,60,191,3432,"(12, 6)"
Memoizacion,924,26,0.00014690007083117962,60,191,3432,"(12, 6)"
Memoizacion,924,27,0.00015369988977909088,60,191,3432,"(12, 6)"
Memoizacion,924,28,0.00014730007387697697,60,191,3432,"(12, 6)"
Memoizacion,924,29,0.000157299917191267,60,191,3432,"(12, 6)"
Memoizacion,924,30,0.0001471000723540783,60,191,3432,"(12, 6)"
Prog_Dinamica,70,1,0.0007928998675197363,221,252,280,"(8, 4)"
Prog_Dinamica,70,2,0.0008602000307291746,221,252,280,"(8, 4)"
Prog_Dinamica,70,3,0.0008928000461310148,221,252,280,"(8, 4)"
Prog_Dinamica,70,4,0.0007350998930633068,221,252,280,"(8, 4)"
Prog_Dinamica,70,5,0.0007036000024527311,221,252,280,"(8, 4)"
Prog_Dinamica,70,6,0.0007025999948382378,221,252,280,"(8, 4)"
Prog_Dinamica,70,7,0.0007221000269055367,221,252,280,"(8, 4)"
Prog_Dinamica,70,8,0.0007778001017868519,221,252,280,"(8, 4)"
Prog_Dinamica,70,9,0.0007637001108378172,221,252,280,"(8, 4)"
Prog_Dinamica,70,10,0.0014735001605004072,221,252,280,"(8, 4)"
Prog_Dinamica,70,11,0.001491399947553873,221,252,280,"(8, 4)"
Prog_Dinamica,70,12,0.0008678999729454517,221,252,280,"(8, 4)"
Prog_Dinamica,70,13,0.0008331001736223698,221,252,280,"(8, 4)"
Prog_Dinamica,70,14,0.0008476001676172018,221,252,280,"(8, 4)"
Prog_Dinamica,70,15,0.0009536999277770519,221,252,280,"(8, 4)"
Prog_Dinamica,70,16,0.0009055999107658863,221,252,280,"(8, 4)"
Prog_Dinamica,70,17,0.0007528001442551613,221,252,280,"(8, 4)"
Prog_Dinamica,70,18,0.0008471999317407608,221,252,280,"(8, 4)"
Prog_Dinamica,70,19,0.0007714000530540943,221,252,280,"(8, 4)"
Prog_Dinamica,70,20,0.0007629001047462225,221,252,280,"(8, 4)"
Prog_Dinamica,70,21,0.0007533999159932137,221,252,280,"(8, 4)"
Prog_Dinamica,70,22,0.000798999797552824,221,252,280,"(8, 4)"
Prog_Dinamica,70,23,0.0007316998671740294,221,252,280,"(8, 4)"
Prog_Dinamica,70,24,0.0007546998094767332,221,252,280,"(8, 4)"
Prog_Dinamica,70,25,0.0007747998461127281,221,252,280,"(8, 4)"
Prog_Dinamica,70,26,0.0007998000364750624,221,252,280,"(8, 4)"
Prog_Dinamica,70,27,0.0007460000924766064,221,252,280,"(8, 4)"
Prog_Dinamica,70,28,0.0008741999045014381,221,252,280,"(8, 4)"
Prog_Dinamica,70,29,0.0008346999529749155,221,252,280,"(8, 4)"
Prog_Dinamica,70,30,0.0007561000529676676,221,252,280,"(8, 4)"
Prog_Dinamica,252,1,0.00245189992710948,529,578,352,"(10, 5)"
Prog_Dinamica,252,2,0.002181700197979808,529,578,352,"(10, 5)"
Prog_Dinamica,252,3,0.0022718000691384077,529,578,352,"(10, 5)"
Prog_Dinamica,252,4,0.0021369000896811485,529,578,352,"(10, 5)"
Prog_Dinamica,252,5,0.0018164999783039093,529,578,352,"(10, 5)"
Prog_Dinamica,252,6,0.0017884999979287386,529,578,352,"(10, 5)"
Prog_Dinamica,252,7,0.0036735001485794783,529,578,352,"(10, 5)"
Prog_Dinamica,252,8,0.0025043999776244164,529,578,352,"(10, 5)"
Prog_Dinamica,252,9,0.002493700012564659,529,578,352,"(10, 5)"
Prog_Dinamica,252,10,0.002502300078049302,529,578,352,"(10, 5)"
Prog_Dinamica,252,11,0.002424800070002675,529,578,352,"(10, 5)"
Prog_Dinamica,252,12,0.00191430002450943,529,578,352,"(10, 5)"
Prog_Dinamica,252,13,0.0020396998152136803,529,578,352,"(10, 5)"
Prog_Dinamica,252,14,0.0017105999868363142,529,578,352,"(10, 5)"
Prog_Dinamica,252,15,0.0016783999744802713,529,578,352,"(10, 5)"
Prog_Dinamica,252,16,0.0016954999882727861,529,578,352,"(10, 5)"
Prog_Dinamica,252,17,0.0016600999515503645,529,578,352,"(10, 5)"
Prog_Dinamica,252,18,0.0015068999491631985,529,578,352,"(10, 5)"
Prog_Dinamica,252,19,0.001564699923619628,529,578,352,"(10, 5)"
Prog_Dinamica,252,20,0.001630099955946207,529,578,352,"(10, 5)"
Prog_Dinamica,252,21,0.0016435999423265457,529,578,352,"(10, 5)"
Prog_Dinamica,252,22,0.001645500073209405,529,578,352,"(10, 5)"
Prog_Dinamica,252,23,0.0025240001268684864,529,578,352,"(10, 5)"
Prog_Dinamica,252,24,0.002316000172868371,529,578,352,"(10, 5)"
Prog_Dinamica,252,25,0.0020578999537974596,529,578,352,"(10, 5)"
Prog_Dinamica,252,26,0.001916700042784214,529,578,352,"(10, 5)"
Prog_Dinamica,252,27,0.0018382000271230936,529,578,352,"(10, 5)"
Prog_Dinamica,252,28,0.0018927000928670168,529,578,352,"(10, 5)"
Prog_Dinamica,252,29,0.001709100091829896,529,578,352,"(10, 5)"
Prog_Dinamica,252,30,0.0017353000584989786,529,578,352,"(10, 5)"
Prog_Dinamica,924,1,0.006114499876275659,1084,1155,488,"(12, 6)"
Prog_Dinamica,924,2,0.003963700029999018,1084,1155,488,"(12, 6)"
Prog_Dinamica,924,3,0.003962100017815828,1084,1155,488,"(12, 6)"
Prog_Dinamica,924,4,0.0049928000662475824,1084,1155,488,"(12, 6)"
Prog_Dinamica,924,5,0.007475200109183788,1084,1155,488,"(12, 6)"
Prog_Dinamica,924,6,0.005660499911755323,1084,1155,488,"(12, 6)"
Prog_Dinamica,924,7,0.005661099916324019,1084,1155,488,"(12, 6)"
Prog_Dinamica,924,8,0.004709700122475624,1084,1155,488,"(12, 6)"
Prog_Dinamica,924,9,0.004406499909237027,1084,1155,488,"(12, 6)"
Prog_Dinamica,924,10,0.004798799986019731,1084,1155,488,"(12, 6)"
Prog_Dinamica,924,11,0.004982399987056851,1084,1155,488,"(12, 6)"
Prog_Dinamica,924,12,0.004726999904960394,1084,1155,488,"(12, 6)"
Prog_Dinamica,924,13,0.00442440016195178,1084,1155,488,"(12, 6)"
Prog_Dinamica,924,14,0.0050027999095618725,1084,1155,488,"(12, 6)"
Prog_Dinamica,924,15,0.00455569988116622,1084,1155,488,"(12, 6)"
Prog_Dinamica,924,16,0.003621600102633238,1084,1155,488,"(12, 6)"
Prog_Dinamica,924,17,0.003530600108206272,1084,1155,488,"(12, 6)"
Prog_Dinamica,924,18,0.003647299949079752,1084,1155,488,"(12, 6)"
Prog_Dinamica,924,19,0.003788200207054615,1084,1155,488,"(12, 6)"
Prog_Dinamica,924,20,0.0035504999104887247,1084,1155,488,"(12, 6)"
Prog_Dinamica,924,21,0.0034688999876379967,1084,1155,488,"(12, 6)"
Prog_Dinamica,924,22,0.004303600173443556,1084,1155,488,"(12, 6)"
Prog_Dinamica,924,23,0.005465599941089749,1084,1155,488,"(12, 6)"
Prog_Dinamica,924,24,0.004477099981158972,1084,1155,488,"(12, 6)"
Prog_Dinamica,924,25,0.004520900081843138,1084,1155,488,"(12, 6)"
Prog_Dinamica,924,26,0.005461399909108877,1084,1155,488,"(12, 6)"
Prog_Dinamica,924,27,0.004404899897053838,1084,1155,488,"(12, 6)"
Prog_Dinamica,924,28,0.004408499924466014,1084,1155,488,"(12, 6)"
Prog_Dinamica,924,29,0.004467000020667911,1084,1155,488,"(12, 6)"
Prog_Dinamica,924,30,0.003608300117775798,1084,1155,488,"(12, 6)"
Formula_Math,70,1,0.00044599990360438824,318,287,304,"(8, 4)"
Formula_Math,70,2,0.0004700000863522291,318,287,304,"(8, 4)"
Formula_Math,70,3,0.0005455999635159969,318,287,304,"(8, 4)"
Formula_Math,70,4,0.0005065000150352716,318,287,304,"(8, 4)"
Formula_Math,70,5,0.0005856999196112156,318,287,304,"(8, 4)"
Formula_Math,70,6,0.0005187999922782183,318,287,304,"(8, 4)"
Formula_Math,70,7,0.0005137999542057514,318,287,304,"(8, 4)"
Formula_Math,70,8,0.0005153000820428133,318,287,304,"(8, 4)"
Formula_Math,70,9,0.000546799972653389,318,287,304,"(8, 4)"
Formula_Math,70,10,0.0005061000119894743,318,287,304,"(8, 4)"
Formula_Math,70,11,0.0004144997801631689,318,287,304,"(8, 4)"
Formula_Math,70,12,0.0004087998531758785,318,287,304,"(8, 4)"
Formula_Math,70,13,0.00042079994454979897,318,287,304,"(8, 4)"
Formula_Math,70,14,0.0004157999064773321,318,287,304,"(8, 4)"
Formula_Math,70,15,0.00041939993388950825,318,287,304,"(8, 4)"
Formula_Math,70,16,0.0004191999323666096,318,287,304,"(8, 4)"
Formula_Math,70,17,0.00044679990969598293,318,287,304,"(8, 4)"
Formula_Math,70,18,0.00042349984869360924,318,287,304,"(8, 4)"
Formula_Math,70,19,0.00042619998566806316,318,287,304,"(8, 4)"
Formula_Math,70,20,0.00042690010741353035,318,287,304,"(8, 4)"
Formula_Math,70,21,0.0011970000341534615,318,287,304,"(8, 4)"
Formula_Math,70,22,0.000520200002938509,318,287,304,"(8, 4)"
Formula_Math,70,23,0.0005003998521715403,318,287,304,"(8, 4)"
Formula_Math,70,24,0.00039890012703835964,318,287,304,"(8, 4)"
Formula_Math,70,25,0.0003558001480996609,318,287,304,"(8, 4)"
Formula_Math,70,26,0.00034120003692805767,318,287,304,"(8, 4)"
Formula_Math,70,27,0.00034210016019642353,318,287,304,"(8, 4)"
Formula_Math,70,28,0.00035239988937973976,318,287,304,"(8, 4)"
Formula_Math,70,29,0.0003510001115500927,318,287,304,"(8, 4)"
Formula_Math,70,30,0.0003519000019878149,318,287,304,"(8, 4)"
Formula_Math,252,1,0.0010848999954760075,628,579,336,"(10, 5)"
Formula_Math,252,2,0.0010677999816834927,628,579,336,"(10, 5)"
Formula_Math,252,3,0.0010661999695003033,628,579,336,"(10, 5)"
Formula_Math,252,4,0.0010472000576555729,628,579,336,"(10, 5)"
Formula_Math,252,5,0.0010417001321911812,628,579,336,"(10, 5)"
Formula_Math,252,6,0.0010379001032561064,628,579,336,"(10, 5)"
Formula_Math,252,7,0.0010281000286340714,628,579,336,"(10, 5)"
Formula_Math,252,8,0.0010204000864177942,628,579,336,"(10, 5)"
Formula_Math,252,9,0.0010371999815106392,628,579,336,"(10, 5)"
Formula_Math,252,10,0.001064100069925189,628,579,336,"(10, 5)"
Formula_Math,252,11,0.0010100998915731907,628,579,336,"(10, 5)"
Formula_Math,252,12,0.0011501000262796879,628,579,336,"(10, 5)"
Formula_Math,252,13,0.0010443998035043478,628,579,336,"(10, 5)"
Formula_Math,252,14,0.001097500091418624,628,579,336,"(10, 5)"
Formula_Math,252,15,0.0012688999995589256,628,579,336,"(10, 5)"
Formula_Math,252,16,0.0010666998568922281,628,579,336,"(10, 5)"
Formula_Math,252,17,0.0010569000151008368,628,579,336,"(10, 5)"
Formula_Math,252,18,0.0010327999480068684,628,579,336,"(10, 5)"
Formula_Math,252,19,0.0010327999480068684,628,579,336,"(10, 5)"
Formula_Math,252,20,0.0010262997820973396,628,579,336,"(10, 5)"
Formula_Math,252,21,0.0010395999997854233,628,579,336,"(10, 5)"
Formula_Math,252,22,0.0010343000758439302,628,579,336,"(10, 5)"
Formula_Math,252,23,0.0010325999464839697,628,579,336,"(10, 5)"
Formula_Math,252,24,0.0010323000606149435,628,579,336,"(10, 5)"
Formula_Math,252,25,0.0010174000635743141,628,579,336,"(10, 5)"
Formula_Math,252,26,0.0012940000742673874,628,579,336,"(10, 5)"
Formula_Math,252,27,0.0021283000241965055,628,579,336,"(10, 5)"
Formula_Math,252,28,0.0016558999195694923,628,579,336,"(10, 5)"
Formula_Math,252,29,0.0013488999102264643,628,579,336,"(10, 5)"
Formula_Math,252,30,0.0012222998775541782,628,579,336,"(10, 5)"
Formula_Math,924,1,0.002540400018915534,1094,1023,384,"(12, 6)"
Formula_Math,924,2,0.0025792999658733606,1094,1023,384,"(12, 6)"
Formula_Math,924,3,0.002462799893692136,1094,1023,384,"(12, 6)"
Formula_Math,924,4,0.0028583998791873455,1094,1023,384,"(12, 6)"
Formula_Math,924,5,0.002450800035148859,1094,1023,384,"(12, 6)"
Formula_Math,924,6,0.0021239998750388622,1094,1023,384,"(12, 6)"
Formula_Math,924,7,0.0021059999708086252,1094,1023,384,"(12, 6)"
Formula_Math,924,8,0.001896300120279193,1094,1023,384,"(12, 6)"
Formula_Math,924,9,0.001886000158265233,1094,1023,384,"(12, 6)"
Formula_Math,924,10,0.0018948998767882586,1094,1023,384,"(12, 6)"
Formula_Math,924,11,0.0019455000292509794,1094,1023,384,"(12, 6)"
Formula_Math,924,12,0.0022305999882519245,1094,1023,384,"(12, 6)"
Formula_Math,924,13,0.002118699951097369,1094,1023,384,"(12, 6)"
Formula_Math,924,14,0.002134100068360567,1094,1023,384,"(12, 6)"
Formula_Math,924,15,0.0021307000424712896,1094,1023,384,"(12, 6)"
Formula_Math,924,16,0.002114499919116497,1094,1023,384,"(12, 6)"
Formula_Math,924,17,0.002120800083503127,1094,1023,384,"(12, 6)"
Formula_Math,924,18,0.0021357000805437565,1094,1023,384,"(12, 6)"
Formula_Math,924,19,0.0022718999534845352,1094,1023,384,"(12, 6)"
Formula_Math,924,20,0.0042269001714885235,1094,1023,384,"(12, 6)"
Formula_Math,924,21,0.0035508000291883945,1094,1023,384,"(12, 6)"
Formula_Math,924,22,0.0033366999123245478,1094,1023,384,"(12, 6)"
Formula_Math,924,23,0.0033463998697698116,1094,1023,384,"(12, 6)"
Formula_Math,924,24,0.0034724001307040453,1094,1023,384,"(12, 6)"
Formula_Math,924,25,0.0030763999093323946,1094,1023,384,"(12, 6)"
Formula_Math,924,26,0.0026867000851780176,1094,1023,384,"(12, 6)"
Formula_Math,924,27,0.00277309981174767,1094,1023,384,"(12, 6)"
Formula_Math,924,28,0.0027343002147972584,1094,1023,384,"(12, 6)"
Formula_Math,924,29,0.002705999882891774,1094,1023,384,"(12, 6)"
Formula_Math,924,30,0.004616199992597103,1094,1023,384,"(12, 6)"
Memoizacion,12870,1,0.00041750003583729267,112,351,9152,"(16, 8)"
Memoizacion,12870,2,0.00033740000799298286,112,351,7752,"(16, 8)"
Memoizacion,12870,3,0.0003331999760121107,112,351,7752,"(16, 8)"
Memoizacion,12870,4,0.00032599992118775845,112,351,7752,"(16, 8)"
Memoizacion,12870,5,0.00032590003684163094,112,351,7752,"(16, 8)"
Memoizacion,12870,6,0.0003349999897181988,112,351,7752,"(16, 8)"
Memoizacion,12870,7,0.0003220001235604286,112,351,7752,"(16, 8)"
Memoizacion,12870,8,0.0003400000277906656,112,351,7752,"(16, 8)"
Memoizacion,12870,9,0.0003254001494497061,112,351,7752,"(16, 8)"
Memoizacion,12870,10,0.00033279997296631336,112,351,7752,"(16, 8)"
Memoizacion,12870,11,0.00032139988616108894,112,351,7752,"(16, 8)"
Memoizacion,12870,12,0.00032860017381608486,112,351,7752,"(16, 8)"
Memoizacion,12870,13,0.0003233000170439482,112,351,7752,"(16, 8)"
Memoizacion,12870,14,0.0003217998892068863,112,351,7752,"(16, 8)"
Memoizacion,12870,15,0.00032829982228577137,112,351,7752,"(16, 8)"
Memoizacion,12870,16,0.0003229000139981508,112,351,7752,"(16, 8)"
Memoizacion,12870,17,0.0003279000520706177,112,351,7752,"(16, 8)"
Memoizacion,12870,18,0.0003231000155210495,112,351,7752,"(16, 8)"
Memoizacion,12870,19,0.0003286998253315687,112,351,7752,"(16, 8)"
Memoizacion,12870,20,0.00032199989072978497,112,351,7752,"(16, 8)"
Memoizacion,12870,21,0.0003309999592602253,112,351,7752,"(16, 8)"
Memoizacion,12870,22,0.00032180012203752995,112,351,7752,"(16, 8)"
Memoizacion,12870,23,0.00031919986940920353,112,351,7752,"(16, 8)"
Memoizacion,12870,24,0.00031640008091926575,112,351,7752,"(16, 8)"
Memoizacion,12870,25,0.0003149001859128475,112,351,7752,"(16, 8)"
Memoizacion,12870,26,0.0003214001189917326,112,351,7752,"(16, 8)"
Memoizacion,12870,27,0.00032700016163289547,112,351,7752,"(16, 8)"
Memoizacion,12870,28,0.00033050007186830044,112,351,7752,"(16, 8)"
Memoizacion,12870,29,0.00032870005816221237,112,351,7752,"(16, 8)"
Memoizacion,12870,30,0.0003330002073198557,112,351,7752,"(16, 8)"
Memoizacion,184756,1,0.0009182000067085028,180,559,20104,"(20, 10)"
Memoizacion,184756,2,0.0007048000115901232,180,559,16744,"(20, 10)"
Memoizacion,184756,3,0.0006789998151361942,180,559,16744,"(20, 10)"
Memoizacion,184756,4,0.0006579000037163496,180,559,16744,"(20, 10)"
Memoizacion,184756,5,0.0006510999519377947,180,559,16744,"(20, 10)"
Memoizacion,184756,6,0.0006816999521106482,180,559,16744,"(20, 10)"
Memoizacion,184756,7,0.0006432000081986189,180,559,16744,"(20, 10)"
Memoizacion,184756,8,0.0006639000494033098,180,559,16744,"(20, 10)"
Memoizacion,184756,9,0.0006413999944925308,180,559,16744,"(20, 10)"
Memoizacion,184756,10,0.0006440000142902136,180,559,16744,"(20, 10)"
Memoizacion,184756,11,0.0006353999488055706,180,559,16744,"(20, 10)"
Memoizacion,184756,12,0.0006496000569313765,180,559,16744,"(20, 10)"
Memoizacion,184756,13,0.000647400040179491,180,559,16744,"(20, 10)"
Memoizacion,184756,14,0.0006581998895853758,180,559,16744,"(20, 10)"
Memoizacion,184756,15,0.0006417999975383282,180,559,16744,"(20, 10)"
Memoizacion,184756,16,0.0006476000417023897,180,559,16744,"(20, 10)"
Memoizacion,184756,17,0.0006583998911082745,180,559,16744,"(20, 10)"
Memoizacion,184756,18,0.0006470999214798212,180,559,16744,"(20, 10)"
Memoizacion,184756,19,0.0006446999032050371,180,559,16744,"(20, 10)"
Memoizacion,184756,20,0.0006647000554949045,180,559,16744,"(20, 10)"
Memoizacion,184756,21,0.0006516999565064907,180,559,16744,"(20, 10)"
Memoizacion,184756,22,0.0006351000629365444,180,559,16744,"(20, 10)"
Memoizacion,184756,23,0.0006454000249505043,180,559,16744,"(20, 10)"
Memoizacion,184756,24,0.0011054000351577997,180,559,16744,"(20, 10)"
Memoizacion,184756,25,0.001694700215011835,180,559,16744,"(20, 10)"
Memoizacion,184756,26,0.0008230998646467924,180,559,16744,"(20, 10)"
Memoizacion,184756,27,0.0007962998934090137,180,559,16744,"(20, 10)"
Memoizacion,184756,28,0.0007891999557614326,180,559,16744,"(20, 10)"
Memoizacion,184756,29,0.0007863999344408512,180,559,16744,"(20, 10)"
Memoizacion,184756,30,0.0007857999298721552,180,559,16744,"(20, 10)"
Prog_Dinamica,12870,1,0.017406800063326955,3387,3514,600,"(16, 8)"
Prog_Dinamica,12870,2,0.014370999997481704,3387,3514,600,"(16, 8)"
Prog_Dinamica,12870,3,0.011426299810409546,3387,3514,600,"(16, 8)"
Prog_Dinamica,12870,4,0.013821400003507733,3387,3514,600,"(16, 8)"
Prog_Dinamica,12870,5,0.016721499850973487,3387,3514,600,"(16, 8)"
Prog_Dinamica,12870,6,0.01397729991003871,3387,3514,600,"(16, 8)"
Prog_Dinamica,12870,7,0.015053699957206845,3387,3514,600,"(16, 8)"
Prog_Dinamica,12870,8,0.015446299919858575,3387,3514,600,"(16, 8)"
Prog_Dinamica,12870,9,0.01587509992532432,3387,3514,600,"(16, 8)"
Prog_Dinamica,12870,10,0.011390400119125843,3387,3514,600,"(16, 8)"
Prog_Dinamica,12870,11,0.010955699952319264,3387,3514,600,"(16, 8)"
Prog_Dinamica,12870,12,0.011010699905455112,3387,3514,600,"(16, 8)"
Prog_Dinamica,12870,13,0.013829500181600451,3387,3514,600,"(16, 8)"
Prog_Dinamica,12870,14,0.014811600092798471,3387,3514,600,"(16, 8)"
Prog_Dinamica,12870,15,0.014880100032314658,3387,3514,600,"(16, 8)"
Prog_Dinamica,12870,16,0.013392900116741657,3387,3514,600,"(16, 8)"
Prog_Dinamica,12870,17,0.0120363999158144,3387,3514,600,"(16, 8)"
Prog_Dinamica,12870,18,0.013936700066551566,3387,3514,600,"(16, 8)"
Prog_Dinamica,12870,19,0.01635570009239018,3387,3514,600,"(16, 8)"
Prog_Dinamica,12870,20,0.014703999971970916,3387,3514,600,"(16, 8)"
Prog_Dinamica,12870,21,0.014268199913203716,3387,3514,600,"(16, 8)"
Prog_Dinamica,12870,22,0.012110400013625622,3387,3514,600,"(16, 8)"
Prog_Dinamica,12870,23,0.011786699993535876,3387,3514,600,"(16, 8)"
Prog_Dinamica,12870,24,0.014407400041818619,3387,3514,600,"(16, 8)"
Prog_Dinamica,12870,25,0.015525199938565493,3387,3514,600,"(16, 8)"
Prog_Dinamica,12870,26,0.015138500137254596,3387,3514,600,"(16, 8)"
Prog_Dinamica,12870,27,0.01615969999693334,3387,3514,600,"(16, 8)"
Prog_Dinamica,12870,28,0.014723700005561113,3387,3514,600,"(16, 8)"
Prog_Dinamica,12870,29,0.01192829990759492,3387,3514,600,"(16, 8)"
Prog_Dinamica,12870,30,0.013022300088778138,3387,3514,600,"(16, 8)"
Prog_Dinamica,184756,1,0.03251599986106157,8234,8433,680,"(20, 10)"
Prog_Dinamica,184756,2,0.031627999851480126,8234,8433,680,"(20, 10)"
Prog_Dinamica,184756,3,0.033467100001871586,8234,8433,680,"(20, 10)"
Prog_Dinamica,184756,4,0.03221490001305938,8234,8433,680,"(20, 10)"
Prog_Dinamica,184756,5,0.03290650015696883,8234,8433,680,"(20, 10)"
Prog_Dinamica,184756,6,0.03363959980197251,8234,8433,680,"(20, 10)"
Prog_Dinamica,184756,7,0.030719600152224302,8234,8433,680,"(20, 10)"
Prog_Dinamica,184756,8,0.025235400069504976,8234,8433,680,"(20, 10)"
Prog_Dinamica,184756,9,0.03729170002043247,8234,8433,680,"(20, 10)"
Prog_Dinamica,184756,10,0.03298979997634888,8234,8433,680,"(20, 10)"
Prog_Dinamica,184756,11,0.031033999985083938,8234,8433,680,"(20, 10)"
Prog_Dinamica,184756,12,0.027328900061547756,8234,8433,680,"(20, 10)"
Prog_Dinamica,184756,13,0.02816820004954934,8234,8433,680,"(20, 10)"
Prog_Dinamica,184756,14,0.032557599944993854,8234,8433,680,"(20, 10)"
Prog_Dinamica,184756,15,0.03366510011255741,8234,8433,680,"(20, 10)"
Prog_Dinamica,184756,16,0.03176099993288517,8234,8433,680,"(20, 10)"
Prog_Dinamica,184756,17,0.03022770001552999,8234,8433,680,"(20, 10)"
Prog_Dinamica,184756,18,0.028597900178283453,8234,8433,680,"(20, 10)"
Prog_Dinamica,184756,19,0.02810589992441237,8234,8433,680,"(20, 10)"
Prog_Dinamica,184756,20,0.02889040019363165,8234,8433,680,"(20, 10)"
Prog_Dinamica,184756,21,0.03326810011640191,8234,8433,680,"(20, 10)"
Prog_Dinamica,184756,22,0.033322300063446164,8234,8433,680,"(20, 10)"
Prog_Dinamica,184756,23,0.03415270010009408,8234,8433,680,"(20, 10)"
Prog_Dinamica,184756,24,0.0337913001421839,8234,8433,680,"(20, 10)"
Prog_Dinamica,184756,25,0.031569299986585975,8234,8433,680,"(20, 10)"
Prog_Dinamica,184756,26,0.029970599804073572,8234,8433,680,"(20, 10)"
Prog_Dinamica,184756,27,0.030083399964496493,8234,8433,680,"(20, 10)"
Prog_Dinamica,184756,28,0.030983800068497658,8234,8433,680,"(20, 10)"
Prog_Dinamica,184756,29,0.02713900012895465,8234,8433,680,"(20, 10)"
Prog_Dinamica,184756,30,0.02440039999783039,8234,8433,680,"(20, 10)"
Formula_Math,12870,1,0.01043200003914535,2622,2495,448,"(16, 8)"
Formula_Math,12870,2,0.008174000075086951,2622,2495,448,"(16, 8)"
Formula_Math,12870,3,0.008965800050646067,2622,2495,448,"(16, 8)"
Formula_Math,12870,4,0.007996900007128716,2622,2495,448,"(16, 8)"
Formula_Math,12870,5,0.007579399971291423,2622,2495,448,"(16, 8)"
Formula_Math,12870,6,0.007814700016751885,2622,2495,448,"(16, 8)"
Formula_Math,12870,7,0.006677799858152866,2622,2495,448,"(16, 8)"
Formula_Math,12870,8,0.006397800054401159,2622,2495,448,"(16, 8)"
Formula_Math,12870,9,0.006204299861565232,2622,2495,448,"(16, 8)"
Formula_Math,12870,10,0.005812100134789944,2622,2495,448,"(16, 8)"
Formula_Math,12870,11,0.005712300073355436,2622,2495,448,"(16, 8)"
Formula_Math,12870,12,0.008995699929073453,2622,2495,448,"(16, 8)"
Formula_Math,12870,13,0.007159400032833219,2622,2495,448,"(16, 8)"
Formula_Math,12870,14,0.009451099904254079,2622,2495,448,"(16, 8)"
Formula_Math,12870,15,0.007162400055676699,2622,2495,448,"(16, 8)"
Formula_Math,12870,16,0.009010500041767955,2622,2495,448,"(16, 8)"
Formula_Math,12870,17,0.007156699895858765,2622,2495,448,"(16, 8)"
Formula_Math,12870,18,0.006805700017139316,2622,2495,448,"(16, 8)"
Formula_Math,12870,19,0.006032599834725261,2622,2495,448,"(16, 8)"
Formula_Math,12870,20,0.007880500052124262,2622,2495,448,"(16, 8)"
Formula_Math,12870,21,0.008222999982535839,2622,2495,448,"(16, 8)"
Formula_Math,12870,22,0.008578700013458729,2622,2495,448,"(16, 8)"
Formula_Math,12870,23,0.009004299994558096,2622,2495,448,"(16, 8)"
Formula_Math,12870,24,0.008273999905213714,2622,2495,448,"(16, 8)"
Formula_Math,12870,25,0.007652999833226204,2622,2495,448,"(16, 8)"
Formula_Math,12870,26,0.006691599963232875,2622,2495,448,"(16, 8)"
Formula_Math,12870,27,0.005849599838256836,2622,2495,448,"(16, 8)"
Formula_Math,12870,28,0.005613899789750576,2622,2495,448,"(16, 8)"
Formula_Math,12870,29,0.006318999920040369,2622,2495,448,"(16, 8)"
Formula_Math,12870,30,0.005839900113642216,2622,2495,448,"(16, 8)"
Formula_Math,184756,1,0.014240099815651774,5158,4959,460,"(20, 10)"
Formula_Math,184756,2,0.013328199973329902,5158,4959,460,"(20, 10)"
Formula_Math,184756,3,0.013704400043934584,5158,4959,460,"(20, 10)"
Formula_Math,184756,4,0.015605900203809142,5158,4959,460,"(20, 10)"
Formula_Math,184756,5,0.020076700020581484,5158,4959,460,"(20, 10)"
Formula_Math,184756,6,0.011802300112321973,5158,4959,460,"(20, 10)"
Formula_Math,184756,7,0.013851300114765763,5158,4959,460,"(20, 10)"
Formula_Math,184756,8,0.01750980014912784,5158,4959,460,"(20, 10)"
Formula_Math,184756,9,0.01654219999909401,5158,4959,460,"(20, 10)"
Formula_Math,184756,10,0.01576160010881722,5158,4959,460,"(20, 10)"
Formula_Math,184756,11,0.017421700060367584,5158,4959,460,"(20, 10)"
Formula_Math,184756,12,0.014179900055751204,5158,4959,460,"(20, 10)"
Formula_Math,184756,13,0.014866200042888522,5158,4959,460,"(20, 10)"
Formula_Math,184756,14,0.016207300126552582,5158,4959,460,"(20, 10)"
Formula_Math,184756,15,0.01507669989950955,5158,4959,460,"(20, 10)"
Formula_Math,184756,16,0.01631959993392229,5158,4959,460,"(20, 10)"
Formula_Math,184756,17,0.01643249997869134,5158,4959,460,"(20, 10)"
Formula_Math,184756,18,0.014377099927514791,5158,4959,460,"(20, 10)"
Formula_Math,184756,19,0.014155699871480465,5158,4959,460,"(20, 10)"
Formula_Math,184756,20,0.013965199934318662,5158,4959,460,"(20, 10)"
Formula_Math,184756,21,0.013939799973741174,5158,4959,460,"(20, 10)"
Formula_Math,184756,22,0.01610400015488267,5158,4959,460,"(20, 10)"
Formula_Math,184756,23,0.016131199896335602,5158,4959,460,"(20, 10)"
Formula_Math,184756,24,0.014039099914953113,5158,4959,460,"(20, 10)"
Formula_Math,184756,25,0.013382999924942851,5158,4959,460,"(20, 10)"
Formula_Math,184756,26,0.012139300117269158,5158,4959,460,"(20, 10)"
Formula_Math,184756,27,0.011400300078094006,5158,4959,460,"(20, 10)"
Formula_Math,184756,28,0.01867119991220534,5158,4959,460,"(20, 10)"
Formula_Math,184756,29,0.015631499933078885,5158,4959,460,"(20, 10)"
Formula_Math,184756,30,0.01689459988847375,5158,4959,460,"(20, 10)"
